ID,Release,Module,Feature,Backlog Item,Comments,Scope,Size,Analyse (h),Dev (h),Test (h),Days,Cost
1,1.0,Repository Setup,Project Scaffolding,As a user, I want to initialize a new project repository so that I can start development,Basic repository setup with README and .gitignore,Small,2,4,2,1,800
2,1.0,Docker Configuration,Project Scaffolding,As a user, I want to set up Docker configuration so that I can containerize the application,Basic Dockerfile and docker-compose setup,Small,2,4,2,1,800
3,1.0,CI/CD Pipeline,Project Scaffolding,As a user, I want to configure CI/CD pipeline so that I can automate deployment,Basic GitHub Actions setup,Medium,4,8,4,2,1600
4,1.0,Supabase API Integration,Backend Infrastructure,As a user, I want to connect to Supabase API so that I can interact with the backend,Basic API connection setup,Medium,4,8,4,2,1600
5,1.0,Database Schema,Backend Infrastructure,As a user, I want to create database tables so that I can store application data,Initial schema setup with migrations,Medium,4,8,4,2,1600
6,1.0,Environment Configuration,Backend Infrastructure,As a user, I want to configure environment variables so that I can manage different environments,Basic .env setup with validation,Small,2,4,2,1,800
7,1.0,Email Verification,Authentication,As a user, I want to verify my email so that I can secure my account,Email verification flow with tokens,Medium,4,8,4,2,1600
8,1.0,JWT/Session Authentication,Authentication,As a user, I want to log in securely so that I can access my account,Secure login with JWT tokens,Medium,4,8,4,2,1600
9,1.0,Password Reset,Authentication,As a user, I want to reset my password so that I can regain account access,Password reset flow with email,Medium,4,8,4,2,1600
10,1.0,RLS Implementation,Authentication,As a user, I want to have row-level security so that my data is protected,Basic RLS policies setup,Medium,4,8,4,2,1600
11,1.0,Profile Management,User Profile & Access,As a user, I want to manage my profile so that I can update my information,CRUD operations for user profile,Medium,4,8,4,2,1600
12,1.0,Activity Tracking,User Profile & Access,As a user, I want to track my activities so that I can monitor my usage,Basic activity logging system,Medium,4,8,4,2,1600
13,1.0,Project Role Assignment,User Profile & Access,As a user, I want to assign roles to team members so that I can manage permissions,Role management system,Medium,4,8,4,2,1600
14,1.0,Permission Management,User Profile & Access,As a user, I want to manage permissions so that I can control access,Permission system with granular control,Medium,4,8,4,2,1600
15,1.0,Project Entity Management,Project Setup,As a user, I want to create projects so that I can organize my work,CRUD operations for projects,Medium,4,8,4,2,1600
16,1.0,Stage Configuration,Project Setup,As a user, I want to configure project stages so that I can track progress,Customizable stage management,Medium,4,8,4,2,1600
17,1.0,User Assignment,Project Setup,As a user, I want to assign users to projects so that I can manage teams,User assignment system,Medium,4,8,4,2,1600
18,1.0,Document Attachment,Project Setup,As a user, I want to attach documents to projects so that I can store related files,Document attachment system,Medium,4,8,4,2,1600
19,1.0,Timeline Management,Project Tracking,As a user, I want to manage project timelines so that I can track progress,Timeline visualization and management,Large,8,16,8,4,3200
20,1.0,Metadata Tagging,Project Tracking,As a user, I want to tag projects with metadata so that I can organize them,Tagging system with categories,Medium,4,8,4,2,1600
21,1.0,Status Management,Project Tracking,As a user, I want to update project status so that I can track progress,Status update system,Medium,4,8,4,2,1600
22,1.0,Multi-project Dashboard,Project Tracking,As a user, I want to view multiple projects so that I can manage them efficiently,Dashboard with project overview,Large,8,16,8,4,3200
23,1.0,Task Creation,Task Operations,As a user, I want to create tasks so that I can track work items,CRUD operations for tasks,Medium,4,8,4,2,1600
24,1.0,Assignment System,Task Operations,As a user, I want to assign tasks so that I can delegate work,Task assignment system,Medium,4,8,4,2,1600
25,1.0,Priority Management,Task Operations,As a user, I want to set task priorities so that I can focus on important work,Priority system with levels,Medium,4,8,4,2,1600
26,1.0,Dependency Tracking,Task Operations,As a user, I want to track task dependencies so that I can manage workflow,Task dependency system,Large,8,16,8,4,3200
27,1.0,Stage-based Workflows,Workflow Management,As a user, I want to create stage-based workflows so that I can standardize processes,Workflow template system,Large,8,16,8,4,3200
28,1.0,Template System,Workflow Management,As a user, I want to use templates so that I can save time,Template management system,Medium,4,8,4,2,1600
29,1.0,Critical Path Analysis,Workflow Management,As a user, I want to analyze critical paths so that I can optimize workflow,Critical path calculation system,Large,8,16,8,4,3200
30,1.0,Secure Upload,Document Handling,As a user, I want to upload documents securely so that I can store files safely,Secure file upload system,Medium,4,8,4,2,1600
31,1.0,PDF Viewer,Document Handling,As a user, I want to view PDFs so that I can read documents,In-app PDF viewer,Medium,4,8,4,2,1600
32,1.0,Version Control,Document Handling,As a user, I want to track document versions so that I can maintain history,Document versioning system,Medium,4,8,4,2,1600
33,1.0,Approval Workflows,Document Handling,As a user, I want to manage document approvals so that I can control access,Approval workflow system,Large,8,16,8,4,3200
34,1.0,Video Upload,Media Management,As a user, I want to upload videos so that I can share media,Video upload system,Medium,4,8,4,2,1600
35,1.0,Streaming Support,Media Management,As a user, I want to stream videos so that I can watch them efficiently,Video streaming system,Large,8,16,8,4,3200
36,1.0,Media Categorization,Media Management,As a user, I want to categorize media so that I can organize it,Media categorization system,Medium,4,8,4,2,1600
37,1.0,Search Functionality,Media Management,As a user, I want to search media so that I can find files quickly,Media search system,Medium,4,8,4,2,1600
38,1.0,In-app Messaging,Messaging System,As a user, I want to send messages so that I can communicate with team members,Real-time messaging system,Large,8,16,8,4,3200
39,1.0,Comment Threads,Messaging System,As a user, I want to comment on items so that I can provide feedback,Comment system with threads,Medium,4,8,4,2,1600
40,1.0,Mention System,Messaging System,As a user, I want to mention team members so that I can notify them,Mention system with notifications,Medium,4,8,4,2,1600
41,1.0,Meeting Notes,Messaging System,As a user, I want to create meeting notes so that I can document discussions,Meeting notes system,Medium,4,8,4,2,1600
42,1.0,Notification Hub,Notification System,As a user, I want to view notifications so that I can stay updated,Central notification system,Medium,4,8,4,2,1600
43,1.0,Email Alerts,Notification System,As a user, I want to receive email alerts so that I can stay informed,Email notification system,Medium,4,8,4,2,1600
44,1.0,Task Reminders,Notification System,As a user, I want to receive task reminders so that I can meet deadlines,Task reminder system,Medium,4,8,4,2,1600
45,1.0,Escalation System,Notification System,As a user, I want to escalate issues so that I can get help when needed,Escalation workflow system,Large,8,16,8,4,3200
46,1.0,Weekly Reports,Progress Tracking,As a user, I want to generate weekly reports so that I can track progress,Weekly report generation,Medium,4,8,4,2,1600
47,1.0,Monthly Analytics,Progress Tracking,As a user, I want to view monthly analytics so that I can analyze trends,Monthly analytics dashboard,Large,8,16,8,4,3200
48,1.0,Budget Tracking,Progress Tracking,As a user, I want to track budgets so that I can monitor costs,Budget tracking system,Large,8,16,8,4,3200
49,1.0,Performance Metrics,Progress Tracking,As a user, I want to view performance metrics so that I can measure success,Performance metrics dashboard,Large,8,16,8,4,3200
50,1.0,Report Builder,Custom Reporting,As a user, I want to build custom reports so that I can analyze data,Report builder with templates,Large,8,16,8,4,3200
51,1.0,Export Functionality,Custom Reporting,As a user, I want to export reports so that I can share them,Report export system,Medium,4,8,4,2,1600
52,1.0,Timeline Analytics,Custom Reporting,As a user, I want to analyze timelines so that I can optimize schedules,Timeline analysis tools,Large,8,16,8,4,3200
53,1.0,Issue Tracking,Custom Reporting,As a user, I want to track issues so that I can manage problems,Issue tracking system,Medium,4,8,4,2,1600
54,1.0,Voice Commands,Voice Interface,As a user, I want to use voice commands so that I can interact hands-free,Voice command system,Large,8,16,8,4,3200
55,1.0,Status Collection,Voice Interface,As a user, I want to provide status updates via voice so that I can report quickly,Voice status update system,Large,8,16,8,4,3200
56,1.0,Dashboard Updates,Voice Interface,As a user, I want to update dashboard via voice so that I can make changes quickly,Voice dashboard control,Large,8,16,8,4,3200
57,1.0,CRM Integration,Voice Interface,As a user, I want to integrate with CRM so that I can manage relationships,CRM integration system,Large,8,16,8,4,3200
58,1.0,Stripe Integration,Payment Processing,As a user, I want to process payments so that I can handle transactions,Stripe payment integration,Large,8,16,8,4,3200
59,1.0,Billing Management,Payment Processing,As a user, I want to manage billing so that I can track payments,Billing management system,Large,8,16,8,4,3200
60,1.0,Payment Links,Payment Processing,As a user, I want to generate payment links so that I can collect payments,Payment link generation,Medium,4,8,4,2,1600
61,1.0,Invoice System,Payment Processing,As a user, I want to manage invoices so that I can track billing,Invoice management system,Large,8,16,8,4,3200
62,1.0,Mobile Layout,Responsive Design,As a user, I want to view the app on mobile so that I can work on the go,Mobile-responsive layout,Large,8,16,8,4,3200
63,1.0,Device Testing,Responsive Design,As a user, I want to test on different devices so that I can ensure compatibility,Device testing framework,Medium,4,8,4,2,1600
64,1.0,Push Notifications,Responsive Design,As a user, I want to receive push notifications so that I can stay updated,Mobile push notification system,Medium,4,8,4,2,1600
65,1.0,Location Services,Responsive Design,As a user, I want to use location services so that I can track site visits,Location tracking system,Medium,4,8,4,2,1600 